User Name,Update Action,Group Name
klbatchuser1,A,klbatch_group1
klbatchuser2,A,klbatch_group1
klbatchuser3,A,klbatch_group1
klbatchuserwithveryverybigname,A,klbatch_group1
klbatchuser5,A,klbatch_group1
klbatchuser6,A,klbatch_group1
klbatchuser7,A,klbatch_group1
klbatchuser8,A,klbatch_group1
klbatchuser9,A,klbatch_group1
klbatchuser10,A,klbatch_group1
klbatchuser11,A,klbatch_group1
klbatchuser12,A,klbatch_group1
klbatchuser5,A,klbatch_group2
klbatchuser6,A,klbatch_group2
klbatchuser7,A,klbatch_group2
klbatchuser8,A,klbatch_group2
